Word,Frequency
000,3
10,8733
100,2542
101,212
102,373
103,151
104,177
109,168
10keyless,1
10th,213
11,2880
111,88
112,128
115,132
118,158
119,78
11th,182
12,4312
120,332
122,68
124,58
126,95
127,54
128,57
129,54
12th,211
13,3892
133,42
134,64
134th,1
137,68
139,48
13th,128
14,2986
140,212
142,74
143,48
144,151
145,269
146,59
1461,6
14th,115
15,4285
150,548
151,65
152,32
155,60
156,48
158,40
15th,142
16,2829
160,138
161,55
163,104
164,65
165,105
166,51
16th,615
17,2555
170,103
174,50
175,105
176,41
177,37
178,66
17th,332
18,2865
185,61
186,37
187,46
189,50
18th,901
19,4475
190,102
191,78
193,26
194,58
195,37
196,75
1994,170
1999,330
19th,105
1st,288
20,5551
200,1116
2000,289
2014,2290
2015,995
2016,823
2018,977
2019,5521
2020,1795
2021,1690
2022,2622
2023,3430
2024,8320
2025,2242
2036,44
204,47
2047,207
205,40
208,48
209,30
20th,73
21,2466
211,30
215,69
216,41
217,61
21st,174
22,2381
222,37
226,44
229,125
22nd,61
23,2262
232,50
23rd,72
24,2858
246,16
24th,82
25,4312
250,374
255,37
25th,93
26,3919
261,40
264,20
26th,77
27,1953
27th,55
28,2181
284,30
28th,67
29,1876
29th,57
2nd,327
30,3642
300,679
30th,57
31,1506
315,52
319,16
31st,50
32,972
33,692
330,44
331,11
34,642
35,971
36,711
37,899
370,797
38,545
39,824
399,14
3d,59
3rd,743
3w,4
40,2350
400,977
41,680
42,1299
43,518
44,523
45,1129
46,1291
47,607
477,8
48,1703
49,641
4g,33
4th,271
50,2800
500,1109
5000,34
51,450
52,423
53,294
54,373
543,931
55,609
56,486
57,1108
58,328
59,274
5th,595
5w,4
60,1333
600,254
61,242
616,1
62,416
63,233
63rd,7
64,273
65,566
66,266
66th,5
67,433
68,280
69,226
6th,170
70,1652
700,222
72,602
73,171
74,264
75,876
76,212
77,240
78,161
787,21
79,185
7th,197
80,1142
800,194
8000,12
81,604
8140,2
82,123
83,188
84,140
85,281
87,97
89,431
8th,140
90,1943
9000,3
91,104
94,431
950,22
96,458
970,12
98,130
99,308
9th,102
aadmi,1599
aam,1575
aap,10617
aaye,18
aayush,4
ab,203
abbas,101
abdominal,69
abdul,465
abg,1
abhijit,357
abhishek,1573
ability,665
abishek,9
ablaze,94
able,1866
abound,9
abrogated,28
abrogation,357
absence,948
absorbs,11
absorption,27
abuse,993
accelerating,70
acceptable,248
access,1884
accessibility,190
accessible,344
accident,3655
accidental,246
accolade,39
accompanying,156
accomplish,21
according,5562
accordingly,413
account,3358
accumulating,22
accuracy,109
accurate,154
accused,14469
acetate,2
achampet,5
achieve,585
achieved,737
achievement,732
achieving,310
acid,213
acidity,16
acknowledged,604
acne,5
acquired,414
acquisition,564
act,7839
acted,431
acting,793
action,8716
activated,95
active,1084
actively,679
activity,3655
actor,3068
actress,384
actressshraddha,2
acute,187
adajania,2
adam,52
adapt,73
add,820
added,7345
adding,3720
addition,1210
additional,3337
additionally,1034
address,3480
addressed,1232
addressing,1954
adequate,603
adhere,225
adhir,285
adidas,32
aditya,407
adjustable,20
administration,3452
administrator,171
admiration,101
admirer,37
admitted,1723
adopt,299
adoption,315
adopts,14
adorable,12
adorned,85
adrienne,3
advanced,1099
advancement,295
advani,130
advantage,648
adventure,101
adversely,104
advised,994
advising,111
advisory,659
aesthetic,70
affair,3571
affect,621
affected,1951
affecting,486
affection,256
affiliate,57
affirming,40
afford,211
affordable,332
afghanistan,288
african,197
afspa,61
afternoon,1174
agatha,11
age,1781
ageing,74
agency,7377
aggressive,283
agm,20
ahead,2602
ahmad,548
ahmed,729
ahmedabad,1098
ai,1874
aiden,4
aim,2029
aimed,1171
aiming,638
air,6187
airborne,41
aircraft,1797
airfare,38
airflow,7
airless,1
airline,1242
airliner,12
airport,5169
airspace,88
aish,1
aitc,1086
aizawl,40
aj,36
ajay,920
ajinkya,20
ajit,2352
akash,296
akshay,238
al,147
alarming,212
alaya,2
album,95
alcohol,739
alert,1526
alerting,53
algur,173
ali,1655
alia,64
alignment,174
alike,119
alipurduar,197
allahbadia,342
allegation,4695
alleged,9520
allegedly,6009
allergic,28
allergy,68
alliance,7037
allocate,143
allocation,1257
allow,1372
allowing,1172
allows,384
ally,2015
aloe,14
alongside,676
alternate,150
alternative,762
amaravati,367
amassed,111
amazing,97
amazon,147
ambassador,368
ambedka,1
ambedkar,1236
ambedkarism,2
ambit,117
ameesha,1
amended,246
amendment,1175
amenity,279
american,851
amid,2260
amidst,557
amit,3643
ampareen,5
ample,124
amrita,280
anaemia,38
anaita,2
analysed,191
analysing,114
analysis,923
analyst,303
analyze,28
analyzed,26
anand,1022
anandaswamy,173
anchor,57
andaman,208
andhra,4213
andre,20
anganwadi,59
angkrish,6
ani,850
anjali,246
anjan,9
ankita,44
anmol,323
anna,739
annadata,6
anniversary,535
announce,387
announced,5444
announcement,1835
annual,1168
anrich,7
answer,1392
answering,54
antagonist,7
anti,41
antic,8
anticipate,83
anticipated,349
anticipation,125
antioxidant,16
anukul,5
anusandhan,11
anybody,172
apartment,965
apcc,2
apne,29
apoorvamehta18,1
app,987
apparent,283
appartment,1
appeal,1675
appealed,739
appearance,292
appeared,1111
appears,698
application,2402
apply,613
appointed,1868
appreciated,283
appreciating,63
approach,1810
approaching,238
approval,1172
approve,113
approved,1172
approx,50
approximate,26
approximately,1183
apr,353
april,7406
apsara,7
aquarius,9
arambag,179
arbaaz,26
architect,180
area,11942
argued,1144
aries,19
arm,1061
armed,1318
army,3005
arora,244
arpita,26
arpu,2
arrangement,1262
array,80
arrest,4279
arrested,8421
arrival,881
arrogance,132
arshad,206
arshdeep,33
artefact,54
article,4769
artificial,470
artist,461
arulmani,10
arun,495
arunachal,2008
arvind,3469
aryan,93
asansol,397
ascend,8
ascertain,355
ashok,1063
ashutosh,175
ashwin,68
asia,584
asics,7
aside,399
ask,1281
asked,6876
asking,1316
aspect,708
aspiration,629
assam,3452
assault,1964
assembly,16293
asserted,1438
asserting,543
asserts,54
assessment,687
asset,1261
assigned,492
assistance,1438
assisted,208
associated,898
association,2583
assured,1312
astounding,20
astro,8
astrologer,19
atal,355
ate,58
atishi,1362
atop,126
attack,6012
attacked,1574
attacking,421
attempt,2942
attempted,1055
attended,1694
attending,531
attention,1609
attire,152
attract,379
attracted,194
attracting,159
attributed,709
audience,399
audiologist,1
auditor,129
august,2140
austerity,10
australia,473
australian,167
authority,7417
auto,735
automobile,156
auxiliary,22
avail,179
availability,369
available,1990
avenue,302
average,1607
aversion,7
avesh,9
avg,8
aviv,15
avoid,1350
avoiding,227
awaited,403
awaits,71
award,1132
awarded,1065
aware,828
awareness,838
awas,556
away,4278
axar,9
ayatollah,5
ayodhya,1139
ayush,185
ayushman,236
azmatullah,5
b3,2
baat,305
babasaheb,207
babu,603
baby,704
bacca,7
bachao,120
bachchan,97
backend,5
backlight,2
backlighting,5
backlit,16
backward,829
backyard,48
bad,613
bade,29
badge,56
badoni,6
bagalkot,213
baghel,196
bahar,31
baharampur,712
bail,3979
bairstow,5
bala,245
balaji,330
balance,651
balanced,177
balcony,197
ball,240
ballistic,159
balm,7
balurghat,197
bamboo,96
bandra,1166
bandyopadhyay,284
banerjee,4043
bangalore,1137
bangladesh,3131
bank,3938
bankura,235
banner,833
banter,18
barasat,232
bardhaman,365
bareilly,265
barrackpur,174
barrage,166
barrier,491
barsapara,16
basavaraj,309
basavraj,188
base,990
baseless,529
basic,777
basirhat,290
bask,1
bastar,384
bastion,350
bat,100
bathing,193
batla,15
batsman,24
batter,54
battery,451
batting,67
battle,1825
battlefield,125
baweja,43
bbf,4
bdr,2
beach,506
bear,435
beautiful,173
beauty,222
bed,605
bedecked,6
beefed,18
began,2580
beginning,620
begun,388
behavior,165
behaviour,531
belgaum,383
belief,943
believe,1857
believed,959
believing,157
bellary,195
belong,324
belonging,735
belt,393
bench,4943
benchmark,164
beneath,186
beneficiary,920
benefit,2408
bengal,9256
bengaluru,6494
benign,17
benjamin,37
berlin,47
best,2328
beti,100
betrayal,158
better,2274
bf,2
bhaduri,10
bhagnani,5
bhaji,4
bhansali,26
bharat,3373
bharatiya,2692
bhatia,358
bhatt,153
bhattacharya,475
bhim,94
bhimrao,58
bhool,30
bhulaiyaa,3
bhumi,23
bhupesh,92
bhuvneshwar,2
bhuyan,145
bid,697
bidar,269
biden,435
big,2932
bigger,550
biggest,1045
biggies,8
bihar,5732
bihari,318
bijapur,387
bijli,46
bike,1013
bilateral,1399
billion,946
bima,29
bin,110
bindra,72
bioavailable,1
biodegradable,7
birbhum,231
bird,449
birla,553
birth,788
birthday,606
bishnoi,1136
bishnupur,254
bit,337
bjp,47247
black,756
blade,125
blaming,217
blast,922
bleeding,362
blend,133
blessed,132
blessing,984
blistering,50
bloc,4194
blood,1903
bloodshed,40
bloom,333
bloomed,16
blossom,17
blue,446
bluetooth,81
bo,9
board,4038
boast,275
boasting,54
body,7440
boeing,187
bollywood,467
bolpur,221
bolster,150
bolstered,61
bolstering,191
bomb,1514
bommai,310
bond,752
bonding,24
bongaon,221
book,1250
booked,1526
boost,765
boot,53
booth,1589
border,3012
bordering,99
borne,94
bos,203
botox,7
bottle,419
boult,7
boundary,406
bowler,57
bowling,47
box,417
boyband,1
br,1585
brabourne,2
brace,65
brahmastra,2
branch,1366
brand,819
brar,176
bravery,123
breaking,553
breakthrough,261
breast,77
breath,132
breathability,7
breathable,4
bribe,397
bribery,152
brilliant,56
bring,2353
bringing,929
brings,242
britain,57
british,631
broadcaster,73
broader,445
brother,3981
brought,3006
brown,54
brunt,109
bucci,7
buddhism,44
budget,2146
budidgattu,1
build,1519
builder,354
building,4412
built,1665
bullet,745
bump,20
bumrah,21
bureau,758
burger,46
burning,619
bursting,78
bus,3947
business,3028
busy,550
buttler,15
button,180
buying,313
byte,10
caa,344
cabinet,3610
cable,212
cafe,168
calculated,101
called,5016
calling,1867
calm,324
calming,5
cambodia,137
cambodian,21
came,7463
camera,1380
cameron,19
camp,1477
campaign,4183
campaigner,245
campaigning,1310
cancer,619
candid,61
candidate,14565
canvas,43
canvassing,55
cap,322
capability,879
capacity,1376
capf,71
capital,2713
capitalize,27
capitalizing,6
capricorn,16
captain,493
captaincy,17
caption,73
captioned,37
captivating,40
capture,382
capturing,286
car,4631
card,2199
cardiac,189
care,2298
career,947
careful,174
carefully,228
carried,1875
carrier,238
carrying,1633
case,23819
cashback,13
cast,1171
caste,2603
castigated,23
casting,397
casual,133
casualty,639
catch,344
catching,96
catering,122
caught,1360
cause,2599
caused,2076
causesfor,1
causing,1762
cautious,147
cbi,3879
cctv,2609
cec,686
celebrated,552
celebrating,393
celebration,1251
celebrity,264
celebs,13
cell,1091
celluloid,6
cent,1379
central,7472
centre,8770
century,556
ceo,1076
ceramides,1
cerave,2
ceremony,2239
certain,1679
cervical,46
cgm,7
chahal,79
chahar,12
chaircar,2
chaired,326
chairman,1946
chakaravarthy,7
challenge,3593
challenged,787
challenger,110
challenging,1186
chamarajnagar,175
chamber,321
champion,357
championship,165
chance,1107
chandigarh,1028
chandni,302
chandra,625
chandrababu,862
chandrachud,710
change,3989
changed,1346
changer,39
changing,511
channel,1121
chanting,116
chaos,745
character,478
charan,799
charge,6140
charged,925
charm,70
chart,143
chasing,99
cheap,149
check,1978
checked,532
cheek,37
cheekbone,3
cheered,45
chemical,520
chenchu,2
chennai,4116
chepauk,24
cherished,65
cherry,18
chhattisgarh,2525
chhillar,2
chidambaram,283
chidorigafuchi,1
chief,21888
chikkballapur,175
chikkodi,224
chikmagalur,180
child,7436
china,2491
chinaswammy,1
chinese,1062
chinnaswamy,25
chipped,21
chitradurga,381
choice,1508
choose,543
choosing,195
chopra,146
chose,585
chosen,443
chota,5
chote,15
chowdhury,456
chowk,876
chris,23
christian,283
cinema,372
cinematic,39
circled,4
circling,8
circulating,287
circumstance,743
cited,1112
citing,1644
citizen,3341
citizenship,661
city,10757
civic,1351
civil,2273
civilian,580
civilization,33
clad,39
claim,4987
claimed,6968
claiming,1707
clash,770
clashed,118
class,3740
clean,1318
cleanliness,153
cleanse,25
cleansing,24
cleanup,29
clear,3427
clearer,71
clearing,271
clearly,908
client,303
climate,947
climbing,85
clinched,410
clinching,54
clinically,13
clip,613
clock,221
close,3222
closely,831
closer,343
closest,182
closing,159
closure,523
clothing,156
clue,217
cluster,233
cm,14107
cmp,4
cnn,18
coalition,1168
coating,24
code,2444
coetzee,6
coincide,45
coincidence,118
coincidental,3
coincides,86
cold,706
collaboration,934
collaborative,127
collagen,8
colleague,1540
collect,564
collection,630
collector,1094
color,29
coloration,2
colour,428
combating,95
combined,417
come,9324
comeback,381
comedy,87
comet,6
comfort,378
comfortable,317
comfortably,71
coming,2532
commander,363
commemorating,30
commenced,293
commendation,8
commended,97
comment,2284
commentary,39
commented,210
commercial,1103
commission,6589
commissioner,4176
commitment,2379
committed,2295
committee,5798
common,1715
communication,1189
community,6513
compact,48
company,5334
compared,1742
comparison,264
compatriot,6
competition,528
competitive,353
complaint,7315
complemented,34
complete,1923
completely,933
completion,684
complicating,41
composition,315
compost,12
compounded,78
comprehension,6
comprise,124
comprises,314
comprising,1001
compromising,97
comptroller,48
compulsory,177
concealed,189
conceding,30
concentration,175
concern,4710
concerned,1459
concerning,704
concert,222
conclude,428
conclusion,397
condemn,294
condemnation,97
condemned,786
condemning,177
condition,4439
condolence,628
conducive,87
conduct,3222
conducted,3514
conducting,920
conference,2359
confidence,1805
confident,905
confirm,331
confirmed,3035
conflagration,14
conflict,1478
confrontation,322
confusion,308
congratulation,444
congress,32523
connect,432
connected,578
connection,2720
connectivity,856
connects,200
conquering,9
conscious,117
consecutive,870
consequence,596
consequently,156
conservative,104
consider,862
considerably,63
considered,1597
considering,1001
consist,47
consistency,68
consistently,474
consisting,148
consolidate,126
conspiracy,1571
constant,373
constituency,9942
constitutes,87
constitution,3278
constitutional,1008
construct,302
constructed,607
construction,2910
consulate,270
consumer,865
consuming,276
contact,1265
contacted,608
contain,214
contains,159
contemplated,44
contender,595
content,1051
contest,2705
contesting,2653
contingency,48
continue,3492
continued,1999
continues,1112
continuity,113
continuous,409
continuously,376
contract,1085
contribute,411
contributed,512
contribution,1132
control,3960
controversy,1696
convenience,204
convenient,213
conversation,824
converted,186
convict,520
coochbehar,188
cook,167
cookie,2
cool,191
cooperate,345
cooperation,1788
cooperative,562
coordinated,276
cop,3175
copy,622
cord,70
core,603
corner,623
cornerstone,66
corporation,2500
correlation,23
corruption,2292
cosmic,34
cosmos,16
cost,2384
council,2043
counsel,1109
counter,717
countered,224
counterpart,555
counting,1945
country,13476
couple,2488
coupled,200
courage,446
courageous,29
course,1863
court,23603
cover,1547
coverage,327
covert,56
coveted,66
cowardly,92
cozy,14
cpi,897
crafted,63
crafting,31
craftsmanship,26
craving,10
create,1896
created,1446
creating,1159
creche,13
credit,981
credited,196
crept,37
crew,786
cricbuzz,7
cricket,896
cricketer,216
cricketing,38
crime,6269
criminal,3989
critic,256
critical,1924
criticised,1222
criticized,668
crooning,3
crop,841
crore,11964
crowd,1707
crucial,2297
cruise,97
crumb,1
crunching,2
csk,184
cuddling,3
culminated,84
culprit,406
cultural,1168
culture,1298
cummins,22
cup,370
curious,95
curran,9
current,2142
currently,2638
curve,46
cushioning,14
custody,3197
customer,813
customizable,6
customization,5
cut,1138
cycle,400
cylinder,404
cyst,7
daesh,1
daily,1705
dakshin,388
dakshina,214
dalit,787
dalits,575
damage,1345
damaged,765
damascus,19
damepl,1
damp,32
dance,353
danced,24
dancer,107
danger,525
dangerous,456
daniel,47
darjeeling,295
dark,349
darshan,1383
daryl,3
dash,64
data,3756
date,3871
dated,475
datke,32
daughter,3741
daunting,31
davanagere,238
david,166
dawood,165
day,21052
dayal,85
dazzle,4
dc,497
dcp,955
dead,2394
deal,1631
dearly,5
death,7005
debut,323
decelerated,2
december,1685
decent,128
decide,1100
decided,3305
deciding,221
decimate,11
decision,5748
declaration,554
declared,3673
decline,715
dedicated,871
dedication,423
deed,228
deep,1484
deepak,627
deeply,756
deepshikha,1
defeat,1471
defeated,915
defeating,520
defence,3075
defended,435
defending,148
defense,297
define,76
definitely,255
degeneration,4
deity,267
delay,1975
delayed,896
delaying,119
deleted,191
delf,19
delhi,46376
deliberate,327
delicate,83
delightful,13
delineated,7
deliver,784
delivered,715
delivering,365
delivery,876
demand,4879
demanding,1796
demise,348
democracy,1590
democratic,1985
demonstrate,157
demonstrated,255
demonstration,395
denied,1629
denim,16
deo,517
deol,11
deos,14
departing,103
department,8415
deployed,1492
deploying,169
deposited,162
depth,330
deputy,4757
derivative,15
dermatologically,1
dermatologist,9
desai,265
deserve,167
deshmukh,603
deshpande,113
design,824
designed,743
desire,368
desk,121
desperately,109
despite,5337
destabilising,19
detachable,6
determination,294
determine,704
determined,1019
determining,482
devarakonda,10
devdutt,16
develop,777
developed,1888
developing,901
development,9560
devendra,1380
devgn,12
device,855
devoid,57
devyani,33
dgm,4
dhan,54
dhankhar,413
dharamsala,23
dharwad,417
dhawan,60
diagnosed,113
dialogue,708
diamond,588
diaper,11
didis,48
die,397
died,3887
difference,1123
different,4034
differential,37
difficulty,502
dig,578
digha,27
digital,1430
dignity,525
dikhhla,2
dimri,2
dinesh,471
dinner,304
diplomacy,205
diplomat,472
diplomatic,814
dipped,116
direct,1559
directed,3010
directing,316
directive,1031
directly,1162
director,3087
directorate,1078
directorial,9
disappointed,136
disappointing,93
discerning,9
discharged,367
disclaimer,93
disclosed,366
discomfort,167
discount,120
discourage,60
discovered,1109
discovering,96
discovery,371
discrepancy,259
discus,917
discussed,1153
discussion,2176
disdain,14
disha,80
dismissal,152
dismissed,1201
dismissing,208
disorder,236
dispensing,10
display,594
displayed,399
dispute,1451
disrupted,294
disrupting,210
distance,829
distinct,340
distinctive,79
distinguished,184
distinguishes,4
distraction,53
distressed,154
distributed,479
district,14181
disturbed,184
dive,38
diver,59
diverse,546
diverted,447
division,1749
divorce,487
dk,477
dm,309
dmk,1296
dmrc,104
doctor,6248
document,2392
dog,1365
dolas,1
dollop,5
domestic,1237
domestically,31
dominance,398
dominating,35
donate,99
donated,202
donor,282
doorstep,77
dose,91
doubled,181
downed,14
downgrading,14
downing,18
downplay,20
dr,3320
drama,364
drape,1
draw,549
drawing,521
drdo,216
dream,803
dreamliner,20
dressed,228
dressing,49
drew,518
drinking,670
drive,1750
driver,3633
driving,1553
drone,908
dropped,770
droupadi,355
drying,63
du,166
dual,148
dubbed,135
dube,15
duet,4
dull,24
dum,472
duo,755
duplication,34
durability,38
durable,37
durbar,11
durgapur,216
dwarka,436
dy,451
dye,34
dying,131
dynamic,470
dysphonia,2
eager,130
eagerly,107
ear,315
earlier,5469
early,3404
earn,233
earned,405
earning,322
earth,606
earthen,20
earthquake,468
easier,209
easily,346
east,3033
eastern,1271
easy,659
eat,262
eating,174
ec,2160
echoed,254
echoing,220
eci,573
economic,2378
economical,18
ecosystem,560
ed,2869
edema,1
eden,129
editor,75
education,5170
educational,1302
effective,935
effectively,838
effectiveness,107
efficacy,51
efficiency,362
effort,4632
egalitarian,7
ego,228
eid,143
ekana,79
eknath,1949
el,76
elder,557
elderly,764
elect,545
election,32550
elector,349
electoral,2933
electricity,1198
electrifying,30
electronics,371
elegant,21
elegantly,4
elephant,396
elevate,85
elevated,361
elevating,44
eligible,851
eliminate,387
eliminated,108
elimination,85
eliminator,16
elite,154
embark,54
embarked,107
embassy,730
embodying,35
emerged,2050
emergency,2135
emerges,71
emerging,574
emeritus,84
eminent,101
emotional,469
emotionally,53
emphasised,1023
emphasized,926
emphasizing,567
employed,518
employment,1158
empower,184
empowered,168
empowering,161
empowerment,350
empowers,56
emraan,6
emulate,26
emulsion,2
enacted,181
encapsulated,5
encased,7
enchant,2
encounter,909
encountered,123
encountering,33
encourage,355
encourages,81
encouraging,267
end,3197
endeavour,159
ending,429
endless,67
endorsed,221
enduring,152
energetic,32
energy,1661
enforcement,1536
enforcer,8
engaged,1024
engagement,700
engages,55
engaging,481
engine,681
engineering,1323
english,480
enhance,1095
enhanced,601
enhances,62
enhancing,440
enjoy,250
enjoyable,26
enjoyed,180
enjoying,106
enjoys,136
enliven,1
enormous,69
enquiry,231
enriched,35
ensure,5807
ensured,598
ensures,378
ensuring,1882
ent,25
enter,963
enterprise,291
entertainment,179
enthusiasm,229
enthusiast,164
enthusiastic,95
entire,3142
entity,667
entrepreneur,305
entrepreneurial,51
envelope,35
environment,1596
environmentally,37
envisioned,47
envoy,88
epidermal,2
equal,473
equality,343
equalizer,5
equation,113
equipped,354
equipper,2
equity,232
er,42
era,588
eradicated,38
eros,29
error,416
escalate,95
escalating,208
escalation,134
especially,2256
esplanade,111
essence,298
essential,1185
establish,983
established,1450
establishing,368
establishment,898
estimate,443
estimated,748
et,38
etch,5
etched,32
ethnic,463
ethylene,14
europe,351
eva,11
evacuate,110
evade,197
evaluation,195
evanston,1
evening,2685
event,5033
eventuality,32
everybody,797
evidence,3399
evident,534
evil,111
evms,793
evolving,207
exact,480
exactly,249
exam,3187
examination,1937
examined,482
examining,330
example,1059
exceed,177
excellence,220
exceptional,213
exceptionally,50
excercise,1
excess,386
exchange,1143
excise,1008
excision,3
excitement,149
exciting,103
exclusive,296
executive,1207
exemplary,110
exemplified,29
exercise,1305
exercising,102
exhilarating,15
exist,335
existence,252
existing,1088
expand,503
expect,600
expectation,463
expected,4687
expects,170
expedite,257
expense,451
experience,2273
experienced,919
experiencing,305
expert,2483
expertise,284
expertly,6
explained,987
explains,185
explore,643
explosion,419
explosive,409
exposed,551
exposure,280
express,1751
expressed,3717
expressing,699
expressway,711
extend,577
extended,1672
extending,305
extension,670
extensive,808
extent,484
external,1272
extra,439
extreme,862
eye,1281
eyeball,13
eyeing,161
fabric,155
face,5402
facebook,346
facebooktwitterpintrest,2
faced,2390
facilitate,618
facilitating,237
facility,2885
facing,1608
fact,2396
faction,724
factor,1425
faf,6
fail,298
failed,2415
fainting,23
fair,1142
fake,1892
fall,1432
falling,671
false,1628
falsified,19
fame,146
familial,42
familiar,208
family,15127
famous,365
fan,876
fantastic,46
fantasy,37
far,2903
farmer,4237
fasal,14
fashion,283
fast,601
faster,280
fastest,79
fatehi,10
father,5004
fatigued,3
favor,109
favorable,46
favorite,25
favour,1002
favourable,196
favouring,69
favourite,179
fcu,45
fear,1309
fearless,34
feat,131
feature,1131
featured,291
featuring,392
february,2158
fee,1162
feedback,331
feel,1624
feeling,568
fell,1745
fellow,432
felt,1129
female,1237
festival,1303
festivity,174
fibre,70
field,1775
fielded,921
fifth,985
fight,2523
fighting,802
figure,1870
figuring,16
file,2974
filed,6268
filing,979
filled,619
film,2242
filmfare,4
filming,79
final,3175
finale,34
finally,1101
finance,1659
financer,1
financial,3398
financier,18
finding,1404
findthe,1
fine,1014
fir,4317
fired,603
firefly,7
firework,85
firing,687
firm,2065
fiscal,560
fish,432
fishnet,3
fit,407
fix,324
fixed,613
fixture,27
flagship,177
flair,5
flat,1510
flatter,4
flattish,1
fled,1040
flex,39
flexibility,115
flight,4284
flocking,13
flood,760
floor,1641
floral,48
fluidglow,5
flying,450
focal,83
focus,2339
focused,804
focusing,657
focussed,68
fold,110
follow,1199
followed,3161
following,9392
food,3546
foot,1211
footage,2267
footfall,229
force,5901
forced,1476
forcing,451
forecasted,93
forecasting,139
foreign,3085
forensic,1094
forest,2928
forgetting,28
forging,76
form,2808
formation,991
formed,2364
formidable,317
formula,434
formulated,76
formulation,91
forthcoming,529
fortune,206
forward,2049
fought,562
founding,114
fourth,1198
fpo,18
fragment,55
fragrance,29
framework,552
france,360
franchise,147
frankfurt,81
fraud,957
fray,458
free,3016
frequently,412
fresh,1450
friday,7231
friend,3444
friendly,283
frivolous,63
fry,24
fuel,585
fugitive,133
fulfil,359
fulfilled,240
fulfilling,492
fulfillment,21
fully,1260
fun,127
function,1388
functionality,40
functioning,539
fund,3169
fundamental,584
funding,658
funeral,243
furniture,130
furthermore,145
future,3320
g20,217
gaddadevara,173
gadkari,927
gag,38
gaikwad,224
gain,1294
gained,567
gaining,165
gak,1
galaxy,104
gambhir,104
game,1078
gameplay,3
gamer,4
gamers,28
gaming,362
gandhi,9428
gang,1604
gangopadhyay,236
gap,815
garden,767
gargle,1
garib,36
garner,85
garnered,344
gas,1149
gate,1132
gated,30
gateway,364
gathering,1202
gaurav,541
gave,2433
gayi,18
gayle,9
gaza,264
gear,236
gearing,422
geesgandi,1
gehlot,338
gel,8
gemini,38
gender,452
general,6935
generallast,1
generated,347
gentle,69
gently,32
geopolitical,147
gerald,20
german,202
getaway,32
getting,2637
ghar,180
ghars,3
ghatal,230
ghaziabad,555
ghosh,1272
giant,340
gilchrist,6
gill,94
gilon,5
girl,4475
girlfriend,303
given,6324
giving,1748
gl,4
glass,384
glenn,8
glimpse,164
glitzy,4
global,3284
glow,22
gm,110
god,2018
godzilla,1
going,4281
gold,1878
good,4329
gorilla,1
got,4929
gothan,3
governed,213
governing,398
government,20173
governor,2897
govt,23346
gowarikar,2
grabbed,143
graced,21
graceful,14
gracefully,17
gradual,76
grain,173
gram,606
granactive,1
grand,853
grant,1140
granted,2100
grappling,151
gratitude,384
gravity,199
great,1331
green,1271
greeting,197
greets,11
grew,343
grey,88
grievance,501
grim,75
ground,3424
groundbreaking,66
group,6558
grow,426
growing,1331
growth,1964
gsqr,1
gt,213
guarantee,1117
guaranteeing,19
guard,1411
guidance,368
guided,203
guideline,1143
guiding,94
gujarat,3881
gujarathi,1
gulaal,1
gulbarga,238
gunman,71
gunshot,192
gush,19
guwahati,640
gyan,45
gyming,7
haan,10
habit,449
habitat,267
habitation,57
haemorrhage,23
haesoo,1
hagari,2
hai,1173
hailed,297
halba,2
half,1143
hall,856
hamas,139
hand,3837
handle,1148
handling,613
handset,23
handsome,32
handy,29
happen,918
happened,1910
happening,574
happens,447
happy,1074
haq,23
harbour,571
hard,1331
hardcore,52
harder,81
hardik,46
harm,418
harmonising,6
harpreet,92
harsh,440
harshal,37
harshit,25
haryana,8312
hashmi,8
hassan,714
haul,95
haveri,426
head,3669
headed,950
heading,622
headline,179
headquarters,934
healing,63
health,6083
healthcare,1104
healthy,484
hear,621
hearing,2669
heart,1371
heartbreaking,54
heartwarming,43
heaved,17
heavily,384
heavy,2979
hebbalkar,305
heel,146
height,634
heightened,235
heinrich,7
held,8605
helmed,38
help,4501
helped,1242
helping,493
helpline,448
hemant,851
heralding,4
heritage,1101
hero,314
hesitate,64
hetmyer,3
hezbollah,85
high,8806
higher,2777
highest,2293
highlight,1115
highlighted,2328
highlighter,3
highlighting,1193
hilariously,5
hill,953
himachal,2241
himalaya,102
himanshu,104
hindi,905
hindu,2960
hinting,366
hired,344
history,2172
hit,2601
hitnal,173
hitter,1
hitting,618
hive,68
hmar,72
hoarse,5
hoarseness,1
hold,3335
holder,497
holding,1509
hole,149
holi,517
holiday,1487
hollow,65
holy,532
homage,108
home,10374
honor,133
honored,41
honoured,192
hooda,999
hooghly,318
hope,2156
hopefully,63
hoping,451
horn,67
horoscope,24
horror,202
horse,155
hospital,12619
host,581
hosted,393
hostel,812
hostility,78
hosting,216
hot,372
hotel,1865
hotmelt,2
hour,6097
house,9482
household,713
housewife,26
housing,1043
houthis,18
howrah,418
http,107
hub,1081
huge,1716
huh,1
humor,16
humorously,19
hundrends,1
hungry,60
hunting,75
hurdle,227
hurled,167
hurried,18
hurry,151
hussain,649
hut,78
hyaluronic,3
hyderabad,4319
hydrate,3
hydrated,32
hydrological,14
hygiene,167
hyper,6
hyperpigmentation,1
hypoallergenic,7
ibrahim,165
icc,105
iconic,305
id,495
idea,1151
ideal,273
identify,1042
identity,1602
ideological,202
idf,20
idhar,147
igniting,27
ignored,353
illavarsu,1
illegal,3324
illuminates,5
image,2602
imagery,32
imagined,101
imei,3
immediate,1635
immediately,2139
immense,694
immersed,89
immersion,142
immersive,47
immunity,134
impact,2446
impactful,50
impartial,116
imparts,2
impatient,6
impeccable,22
impending,129
imperative,122
imperial,35
implement,909
implementation,1265
implemented,1049
implementing,562
importance,1783
important,2225
imposing,264
impressed,114
impressive,317
improve,1530
improved,964
improvement,844
inability,228
inaccessible,53
inch,147
incidence,127
incident,10403
include,3947
included,1894
includes,1671
including,16650
inclusion,531
inclusive,492
income,1343
incoming,137
inconsistent,57
incorporate,73
increase,2937
increased,2065
incredibly,64
indelible,43
india,39888
indian,14717
indicates,377
indicating,584
indication,338
indigenous,567
indigo,555
indirect,375
individual,4218
induction,162
indulgence,26
industrial,1311
industry,2772
infamous,83
inflame,6
inflaming,3
inflation,447
influencing,114
influential,365
information,3849
informed,3104
infotech,26
infra,90
infrastructure,2442
infuse,23
infused,40
infusion,30
ingrained,17
ingredient,196
inheritance,178
inhumane,57
initial,1354
initiate,481
initiative,2363
inject,20
injection,136
injured,3842
injury,3726
inked,218
inn,17
inner,207
inning,100
innovation,643
innovative,332
input,2205
inquiry,1876
insecurity,84
inserted,46
inside,2882
insider,163
insight,481
insisting,174
insole,5
inspire,198
instagram,598
installation,425
installing,133
instance,1221
instead,2141
instigated,66
institution,2004
instructed,1081
instructing,84
instruction,1170
instrument,323
instrumental,192
insurance,700
insurmountable,9
intake,139
integrated,430
integrating,111
intense,781
intensifies,61
intensify,218
intent,608
interaction,627
intercept,64
intercepted,359
interceptor,41
interested,240
interestingly,226
interim,1223
international,4373
internet,453
intervention,821
interview,1023
intimate,91
introduce,353
introduced,1102
intruding,5
intrusion,69
intuitive,10
invested,342
investigation,7789
investigator,623
investment,1879
investor,874
invited,775
invoice,64
invoked,333
involve,220
involved,3930
involving,1552
ipc,1227
ipl,263
iran,410
iranian,94
iraq,46
irony,57
irregularity,918
irrespective,413
irrigation,579
irritate,4
irritating,3
irritation,40
ishan,17
ishant,9
isi,189
islamabad,208
islamic,246
island,579
israel,572
israeli,254
issue,12303
issued,5614
issuing,612
ist,1122
istanbul,41
item,854
iyer,82
izzat,2
jaa,18
jackky,4
jacobsen,2
jadavpur,275
jadeja,65
jagadish,231
jagan,378
jagdalpur,45
jagdeep,195
jail,3301
jaipur,881
jaishankar,1289
jaiswal,591
jaitley,72
jalore,70
jalpaiguri,282
jammu,5163
jamui,303
jan,2604
jana,178
janata,2415
jangipur,190
janhvi,22
janhvikapoor,1
jansen,1
january,1959
japan,400
japanese,173
jarakiholi,173
jasprit,14
jayanti,255
jayantireferring,1
jayate,37
jaydev,13
jaynagar,180
jd,1533
jeeyo,6
jerusalem,17
jet,491
jetting,5
jewish,23
jhargram,236
jharkhand,4513
ji,1555
jibe,383
jinping,119
jitesh,19
jittery,33
jma,1
jo,109
job,4253
jodo,137
joe,162
johar,39
johnson,64
join,1549
joined,2325
joining,771
joint,2339
jonas,14
jonny,3
jordan,53
jos,10
joshi,625
journalist,531
journey,1560
joy,304
joyous,34
jp,345
judge,4026
judicial,2176
jugjugg,2
jumla,16
jump,247
june,7850
justice,8681
ka,651
kabhi,161
kabir,114
kagiso,8
kanguva,2
kannada,974
kanpur,404
kansai,3
kanthi,182
kapoor,485
kapur,37
karanjohar,1
karein,5
karnataka,7035
karne,33
karthik,199
kashmir,4768
katchatheevu,8
katha,19
kathi,2
katsuhiro,1
katyayani,5
kaushal,73
kaveri,87
ke,423
keeping,1141
kejriwal,7409
kemmu,2
kept,1885
kerala,4851
ketaki,9
key,5347
keyboard,58
keycaps,1
keystroke,1
khairagarh,6
khaleel,26
khamenei,18
khan,3646
khandre,253
kharge,2026
kharjahrin,5
khmer,15
khobragade,23
khobrogade,15
ki,835
kiara,37
kicked,177
kickoff,3
kickstart,19
killed,3153
kilogram,71
kind,1027
king,590
kingdom,102
kishan,314
kisi,22
kit,145
kiya,56
kjo,1
kkr,232
kl,61
klaasen,11
km,1778
knack,8
knight,107
knit,5
knob,3
knock,79
know,4269
knowledge,678
known,2788
kock,9
kohli,160
kolar,278
kolkata,7037
kommareddy,7
kong,136
koppal,275
korean,87
koya,21
kreo,4
krishi,57
krishna,1400
krishnamoorthi,6
krishnanagar,588
krunal,9
krushna,12
kuch,66
kuldeep,390
kumar,10969
kunal,206
kunbi,14
kundan,20
kurta,61
kushagra,5
kyle,1
la,179
labeling,82
lace,12
lack,1913
ladakh,1004
ladder,106
lagegi,2
lagi,6
lakh,11766
lakhpati,91
lakshadweep,123
lalbiakzama,4
lalla,95
lalnghinglova,1
lalrosanga,1
lalu,543
lambadi,1
lamented,64
lamp,55
landed,648
landmark,248
language,2153
languish,10
lanka,322
large,2916
largely,494
larger,970
largest,1858
laryngeal,1
larynx,1
laser,55
lasting,255
late,2579
later,5953
latest,1745
launch,1317
launched,2325
launcher,54
laundering,1081
law,7468
lawrence,569
lawyer,1541
layout,353
laziness,9
lazy,10
le,2115
lead,2571
leader,16647
leaderboard,10
leadership,3429
leading,3808
league,473
leak,1065
leaked,314
leap,56
learn,1038
leave,2411
leaving,1689
lebanese,19
lebanon,107
led,6117
lee,40
leela,140
left,6126
legacy,841
legal,3794
legendary,96
legion,7
legislative,1110
length,290
leo,50
lesion,13
let,2249
letter,3481
level,4299
leverage,135
leveraging,172
liam,6
liberty,462
libra,9
license,199
lid,62
lie,1027
life,8570
lifetime,121
lifted,221
lifting,110
light,2653
lighting,128
lightsync,2
lightweight,66
like,11881
liked,86
likely,3662
likened,47
limelight,74
limit,1185
limitation,141
limitless,9
line,3360
lineup,31
lingering,39
lining,76
link,1468
linked,1381
liquidity,18
list,4195
listed,535
listen,276
lite,6
little,1390
live,1786
lively,54
living,1712
livingstone,4
liye,189
loan,1451
local,6667
locality,518
located,1306
location,2216
lock,177
locked,556
lodged,1935
log,153
logitech,5
lok,17151
lokhande,18
london,544
lone,760
long,3129
longer,844
look,2646
looked,578
looking,1488
loom,57
looming,40
loose,104
lop,957
lord,835
loses,118
losing,798
loss,2369
lot,1671
lotion,6
lotus,442
loud,285
loudly,29
love,1957
lovebird,2
loved,300
loveless,2
loving,26
low,1290
lower,1452
lowest,551
loyalist,131
lsg,170
lucknow,1663
lufthansa,65
luvlap,4
lying,628
lyngdoh,8
maa,211
machine,1193
macro,15
madhup,2
madhwal,10
madhya,2737
magegee,3
magistrate,1303
magnitude,262
mahabubabad,51
mahadev,165
maharaja,103
maharashtra,10021
mahi,21
mahua,433
maidaan,6
main,2413
maine,40
mainly,382
mainstream,306
maintain,1192
maintained,893
maintaining,673
major,4087
make,6989
maker,215
makeup,52
making,4650
malayalam,204
malda,749
male,1082
malice,28
malicious,190
mallapur,9
mallika,27
mallikarjun,1025
malti,14
mamaearth,4
mami,6
man,4795
manage,693
managed,2428
management,3024
manager,970
managing,778
mandate,1601
mandir,479
mandya,327
manifesto,1765
manipur,3187
manish,916
manmohan,754
mannara,1
manned,64
manner,1316
mansingh,47
mantle,35
mantra,115
mantralaya,47
manufacturing,1003
manushi,2
maoist,1279
mar,280
march,4849
marco,35
marcus,7
margin,1755
marginalised,193
marginally,133
marie,17
mark,3073
marked,897
market,2916
marketing,278
marking,636
markram,4
marriage,1627
marsh,6
marvellous,3
mashup,2
mass,632
massive,1404
mastermind,256
mat,100
match,1542
material,1398
math,325
matheen,11
matheesha,4
mathura,238
mathurapur,180
matter,4576
mattered,15
mature,86
maurya,120
maximum,2019
maxwell,9
mayank,63
maybe,220
mayer,9
maze,15
mbts,1
mdns,4
mea,690
meal,461
mean,1619
meaning,264
measure,3415
measuring,117
mechanical,239
mecon,2
medical,8309
medically,46
medinipur,261
medium,7003
meet,2981
meeting,9292
megha,34
meghalaya,1370
mehra,23
meil,9
melting,30
member,10609
membrane,11
memorable,94
memory,424
men,2784
menace,181
mental,798
mentality,89
mentally,291
mention,782
mentioned,1972
mentor,112
mere,408
mesh,36
mesmerizing,9
messy,14
met,2763
meteorological,789
method,541
methodically,12
metro,2093
mi,351
micro,144
micromagic,1
microphone,45
mid,49
middle,932
midsole,1
midst,82
migrating,33
mild,148
milestone,388
milind,123
militant,424
military,1907
miller,101
million,2017
mind,1248
mindset,277
mingle,17
minimizing,16
minimum,1239
minister,41836
ministerial,425
ministry,4975
minor,2041
minute,2099
mirchi,21
misconduct,248
misleading,500
miss,296
missile,906
missing,1780
mission,1730
mitchell,24
miyamoto,1
miyan,24
mizoram,1340
ml,117
mla,4450
mlc,437
mn,366
mnf,31
moat,4
mobile,2019
mock,160
mocked,116
mod,56
mode,587
model,2545
modern,648
modest,114
modi,22360
modification,166
modiji,145
mohali,200
mohammed,452
mohan,1978
mohanty,97
mohit,103
mohsin,43
moisture,135
moisturised,1
moisturiser,1
moisturize,2
moisturizing,3
moitra,450
moment,1334
momentary,15
monday,7697
monetary,160
money,5351
monitored,316
monitoring,1068
monster,18
monsterverse,2
monstrous,10
month,8384
monthly,659
mood,344
moon,329
morning,3386
moroccan,8
mother,4517
motivate,64
motive,421
motorbike,110
mountain,395
mourning,116
mouth,284
moved,2007
movement,2296
movie,576
mp,10790
mpatgm,6
mpc,9
mr,212
mrandmrsmahi,1
mrunal,190
msmes,97
msp,354
mubarak,33
muddey,2
mudra,43
muft,34
mughal,254
mukesh,511
mullanpur,9
multiple,3711
mumbai,11841
murder,5517
murmu,772
murshidabad,307
muscle,130
music,725
muslim,3660
mussavir,9
mustafizur,13
muttemwar,9
mutton,81
mysore,494
mysterious,128
na,372
naa,14
nab,243
nadaan,2
nadda,1370
nadu,3333
nagaland,1275
nagarkurnool,64
nagpur,1678
nahee,1
naidu,2317
naik,723
nalgonda,78
nalkande,1
named,1828
namo,120
nana,235
nandgaonkar,13
nandre,4
nano,43
naor,3
narendra,6982
naresh,341
narine,29
narrow,326
naseeruddin,13
natarajan,21
nation,4504
national,13315
nationwide,459
natural,1304
naturally,138
nature,1139
nav,9
navalakhe,3
navaratri,5
navdeep,30
naveen,650
navjot,20
navratri,83
naxalism,88
ncp,3834
nda,5025
near,6610
necessary,1770
need,7919
needed,1302
needing,75
neelam,107
neelavati,16
negative,404
neighbor,100
neighbour,935
neighbouring,866
nellore,78
nep,261
nerurkar,9
net,449
netanyahu,49
netizens,83
network,1339
networking,37
new,33626
newest,32
newly,1221
news,2697
nia,756
niacinamide,1
nice,77
nicholas,20
nick,26
nicobar,153
night,4511
nike,16
nikhilmehrotra,1
nimbalkar,202
ninja,5
nirmal,423
nirmala,392
nisp,2
nitesh,113
nitin,896
nitish,1377
nmdc,7
nodule,5
noida,1220
nominated,667
non,66
noor,56
nora,6
north,4664
northeast,492
northeastern,183
northern,545
northward,42
northwestern,12
nortje,5
nortjecaptain,1
notable,911
notably,330
note,2050
notice,3658
noticeable,61
noticed,523
notification,969
noting,639
notion,83
notorious,162
nourish,3
november,2509
npp,148
nris,84
number,9116
numbering,24
nupur,20
nursing,314
nutritious,31
nyay,207
objection,710
observing,289
obstacle,196
occasion,1555
occasionally,62
occult,28
occur,497
ocean,430
oct,2051
october,2520
odisha,4920
offbeat,4
offensive,209
offer,2129
offered,1404
offering,1103
office,5799
officer,11854
official,16551
ofsawan,2
oh,23
oil,753
olay,2
old,2466
older,300
olympics,320
omarzai,4
onboard,125
ondc,7
ongoing,2871
online,2103
open,2948
opened,1248
opening,659
operate,685
operated,532
operates,323
operating,1048
operation,5050
operational,970
opportunity,2765
opposing,399
opposition,8634
oppression,41
opt,199
opted,233
optical,60
optimal,67
opting,133
option,1460
orange,363
order,9000
ordinary,247
organic,152
organisation,2295
organised,1057
organising,223
origin,393
original,617
originated,145
osteoporosis,8
outcome,1196
outemu,2
outer,315
outfit,631
outing,36
outline,110
outnumbering,10
outperformed,87
outrage,558
outreach,298
outshines,1
outside,3091
outsole,2
overall,1187
overboard,6
overcoat,3
overflown,1
overfly,9
overflying,16
overlay,4
overnight,316
overrun,31
overseas,311
overuse,8
overview,86
ovr,4
owing,287
owner,2348
pa,65
pace,499
pacer,30
package,434
packaging,87
packed,233
padikkal,5
page,504
paid,1554
pain,712
pair,242
paired,89
pala,13
palace,278
palak,12
pamper,3
panchayat,854
pandey,639
pandit,347
pandya,60
pandyaharshit,1
pannu,13
pant,199
pantbatters,1
panvel,176
paparazzo,21
paper,3126
paraben,2
parabens,7
parag,39
parallel,270
paramilitary,183
parent,3852
parindey,2
park,1935
parliament,4778
parliamentary,3374
participate,794
participated,642
participation,881
particular,787
particularly,1950
partner,1914
partnering,30
partnership,1179
party,37958
passed,2138
passenger,4292
passion,233
past,5569
pat,58
patani,2
patchwork,27
patel,1396
patelas,1
path,864
pathan,309
pathirana,4
pathology,22
patidar,36
patience,117
patient,3037
patil,2023
patna,969
patole,385
patra,374
pattabhiram,1
pausing,14
pav,29
pawar,4295
pay,2490
payment,1122
payouts,18
pbks,158
pda,71
peace,2097
peaceful,603
peak,688
pednekar,63
peek,9
pelting,133
penchant,12
pending,1230
penetration,55
penta,2
people,28596
percent,756
percentage,964
perennial,34
perfect,299
perform,547
performance,1753
performed,672
performer,114
performing,435
performs,33
perfume,14
period,2455
periodic,85
permanent,653
perpetrator,390
persistent,198
person,6886
personal,2496
personality,261
personalize,1
personalized,24
personnel,2915
perspective,315
pertains,97
pesky,7
pesticide,87
pf,49
pffr,1
pharma,178
phase,12496
phased,88
phil,15
phone,2936
phonotraumatic,1
photo,2935
photograph,656
photoshoot,5
phrase,124
physical,1172
physically,356
physique,3
pick,720
picked,673
picking,173
picture,942
picturesque,43
pig,52
pigmentation,3
pillar,340
pillion,121
pillowcase,2
pilot,1324
pinch,37
pink,115
pinnacle,22
pipe,180
piped,37
pipeline,301
pisces,9
pitch,268
pivotal,429
piyush,429
pk,40
place,9563
plan,4831
plane,808
planet,162
planned,1258
plant,1390
plantation,174
planter,5
plastic,499
plate,410
platform,2282
play,1814
played,1222
player,1067
playfully,14
playing,813
playoff,40
plea,2174
pledged,310
plessis,9
pm,16868
po,51
podcast,199
point,3053
pointed,1795
poised,411
pokhran,28
police,41953
policy,4337
polite,14
political,9092
politically,441
politician,1441
politics,4398
poll,15792
polled,442
polling,3761
polyp,8
polyurethane,8
poor,3631
pooran,22
pop,92
popular,808
popularity,341
population,2151
porel,9
portability,6
portable,53
portal,626
portion,582
portray,58
pose,425
posing,381
position,3047
positive,959
possibility,1033
possible,2218
possibly,311
post,7396
postal,215
posted,2090
poster,502
potential,2222
potentially,521
poverty,385
power,7056
powerful,418
powerplay,6
prabhsimran,4
practical,195
practice,1499
pradesh,10817
pradhanmantri,7
pradip,263
praise,423
praised,488
pralhad,235
pran,41
prashant,524
pratishtha,37
pravin,170
pray,352
prayer,535
praying,114
precarious,64
precise,139
precision,182
predatory,20
predict,149
prediction,364
predominantly,121
prefer,159
preference,286
preferential,38
preferred,199
pregnant,393
preliminary,684
premier,231
premise,1408
premium,289
preparation,729
prepare,524
prepared,846
preparedness,234
preparing,672
prepping,5
prescribed,324
presence,2890
present,3972
presented,963
presently,148
preserving,176
president,10124
press,1906
pressing,785
pressure,1552
prestige,308
prestigious,279
presumably,45
presume,24
pretty,62
prevail,183
prevent,2038
prevention,789
previous,2780
previously,1279
price,2405
priced,73
primarily,539
primary,1245
prime,8823
principle,830
prior,847
prioritize,96
prioritizing,64
priority,1012
pristine,40
pritam,56
prithiviraj,10
prithvi,28
private,4743
privilege,320
priyanka,2308
pro,304
probable,99
probably,342
probe,3588
problem,2240
procedure,1363
proceed,451
proceeding,1680
process,4933
processdo,1
produced,956
producer,377
product,1403
production,1151
productivity,110
prof,288
profession,183
professional,1206
professionalism,34
professor,984
profit,404
profound,190
program,713
programme,2154
progress,2109
project,6698
projected,414
projectile,16
projection,171
prolonged,389
prominence,115
prominent,1382
promise,2506
promised,1518
promising,595
promote,705
promoter,196
promoting,797
promotion,386
prompt,176
prompting,798
prone,123
propelled,53
propelling,14
proper,1256
property,3384
proposal,1399
proposed,1588
proposes,161
proposing,134
prosecution,1084
protect,1807
protection,1974
protects,58
protest,4492
protocol,766
proud,369
proudly,67
prove,532
proved,614
proven,218
proverbial,16
provide,3435
provided,3044
provides,693
providing,1783
provoke,101
prowess,72
proxy,153
psc,15
pti,1335
public,9864
publicity,149
published,3375
publishing,112
pucca,39
puducherry,298
pull,233
pulse,364
pulwama,210
puma,16
pump,476
punched,41
pune,3289
punish,93
punished,238
punishment,971
punjab,6412
purba,202
purchase,640
pure,120
purest,2
purple,54
purportedly,387
purpose,1324
purposefully,7
pursuant,36
pursuit,197
purulia,243
push,655
pushing,523
pvt,361
pvtg,6
pwi,1
qualifier,76
qualify,118
qualitative,24
quality,3457
quantity,260
quarter,749
quest,93
question,4137
questioned,1883
questioning,1301
queue,315
quick,607
quicker,27
quickly,821
quinton,7
quite,496
rab,4
rabada,10
race,516
racer,11
rachin,3
radhakrishna,229
radiating,12
radio,225
radiologist,14
radius,121
raf,36
raghuvanshi,8
raha,85
rahane,6
rahman,233
rahul,8347
raichur,275
raid,752
raigunj,173
rail,1041
rain,2792
rainbow,26
raincoat,6
rainy,87
raipur,550
rais,33
raise,1223
raising,1161
raj,1957
rajasekhara,35
rajashekar,180
rajasthan,3776
rajat,81
rajiv,1441
rajkummar,62
rajkummarrao,1
rajnandgaon,57
rajnath,1082
rajshekhar,15
raked,44
rally,3690
ram,4730
ramakrishna,94
ramandeep,9
rameshwaram,43
ramji,23
rana,854
ranaghat,225
ranbir,83
randeep,96
range,1541
ranging,407
ranjan,598
ranveer,180
rao,2645
rashid,412
rashtriya,469
raspy,1
rate,1819
rating,127
ratio,261
ration,326
ratna,771
ravi,999
ravichandran,33
ravindra,472
rayalu,2
rcb,184
reach,2203
reached,2942
reaching,1261
react,112
reacted,341
reacting,238
reaction,682
read,3348
ready,1574
real,1438
realise,259
reality,619
realizing,28
really,428
realm,54
reappearing,2
reason,3299
reasonably,30
reassessment,34
receive,1321
received,6062
receiver,53
receiving,1404
recent,4077
recently,5369
reception,149
rechargeable,17
reckless,128
recognise,232
recognised,383
recommendation,724
record,3781
recorded,3758
recording,688
recounting,75
recover,473
recovery,937
recruiting,76
recruitment,883
red,1198
reddy,3299
redefines,15
redgear,3
redness,11
reduce,1051
reduced,1027
reducing,620
reduction,430
reebok,5
reece,5
reeling,55
reference,696
referred,1094
referring,717
reflecting,350
reflection,173
reflects,386
reformer,52
refrained,285
refraining,34
refresh,18
refuelling,11
refused,1545
regard,691
regarding,3038
regardless,352
regenerist,2
regime,573
region,5050
regional,2186
register,693
registered,5743
registration,1436
regular,1198
regularly,406
regulate,203
reign,120
reiterated,918
reiterates,32
rel,5
relatable,17
related,2451
relation,1352
relationship,1956
relative,1597
relaxation,158
relaxed,61
release,2497
released,3165
releasing,323
relentless,208
relevance,256
reliability,78
reliable,208
reliance,167
relief,1778
religion,1113
religious,2270
reluctance,110
relying,152
remade,2
remain,2807
remained,1789
remaining,1520
remains,2562
remake,6
remanded,679
remarkable,380
remarked,664
remember,1159
remind,135
remittance,41
remote,357
remove,997
removed,1195
rendering,85
renew,72
renewing,40
renovate,21
renowned,332
repair,761
repealing,18
repeatedly,881
replacing,264
replied,297
report,12117
reported,4788
reportedly,1627
reporter,1097
representation,1057
representative,3323
represented,592
representing,2616
represents,492
reptilian,3
republic,612
reputation,455
reputed,97
request,1948
require,502
required,1775
requirement,789
rescheduled,81
research,2081
researched,19
researcher,480
reservation,2716
reserved,925
reservoir,275
reshapes,16
reside,107
residence,2551
residential,697
resides,159
resigned,944
resilience,269
resin,9
resist,141
resolution,1288
resolve,886
resolved,519
resonating,34
resorting,184
resource,1570
respectable,43
respectful,50
respective,702
respond,827
responded,1229
response,3876
responsibility,1815
responsible,1746
responsive,40
responsiveness,4
rest,1367
restraint,217
restriction,1115
result,7994
resulting,1040
resume,401
resumed,215
resurgence,65
retailer,79
retained,388
retains,95
retaliate,37
retaliation,129
retaliatory,89
retinal,2
retinoid,3
retinol,26
retired,954
return,3282
returned,1659
returning,1220
revealed,2987
revealing,261
revelation,195
revenue,1697
reverse,134
review,1710
revised,523
revision,289
revitalizing,4
revocation,75
revolutionize,15
rgb,20
rhetoric,159
rhl,1
rich,813
richard,43
ricky,16
ride,591
rider,310
ridicule,25
riding,469
right,6720
rigorously,20
ringwoodite,1
rinku,135
rinwa,15
ripped,49
risen,177
rishabh,102
rishi,106
rising,1013
risk,1598
rita,32
ritual,543
riverside,9
riveting,21
riyan,22
rjd,1448
rjs,2
rk,172
road,10375
roadmap,184
roadshows,97
robertjune,5
rock,401
rocket,330
rockstar,6
rohit,480
role,4353
roll,642
rolling,146
rollover,4
romantic,47
rome,45
room,2951
roughly,153
round,1475
rounded,74
route,2234
routine,510
roy,2418
royal,473
rr,397
rubber,89
rugged,36
rukh,166
rule,3619
ruling,2018
rumour,436
rumoured,16
run,3380
running,1675
rupee,561
rupted,1
rupture,11
rural,2128
rush,437
russell,37
russia,1360
rustiness,2
ruturaj,7
saath,239
sabha,19456
sabhas,24
sabka,138
sacnilk,2
sacred,398
sacrifice,374
sacrificing,23
sadness,40
safe,1768
safeguard,400
safely,345
safety,3752
sagar,682
sagittarius,15
saha,322
sahay,22
sahil,288
sahni,33
sai,415
said,101164
sakura,4
saleng,8
salim,79
salman,589
salt,401
sam,231
samajwadi,1282
samson,17
samyukta,206
sangadigundala,1
sangh,392
sangma,60
sangras,1
sanitation,279
sanjay,3107
sanjeev,253
sanju,27
sankalp,205
santosh,418
sara,47
sarbjit,3
satellite,893
satisfaction,151
satisfies,5
satisfying,15
satish,502
saturday,6952
satyamev,16
satyaprem,2
savarkar,205
save,1497
saving,389
saw,3461
sawai,75
sawan,24
say,7542
saying,5651
sc,5540
scale,594
scam,1932
scared,364
scenario,287
scene,1621
scenery,3
scenic,50
schedule,2375
scheduled,4081
scheme,5302
school,8515
scientific,488
scientist,678
scope,281
score,725
scored,376
scoring,175
scorpio,70
scp,137
screen,351
screening,292
scrutinising,65
scrutiny,1332
scuba,7
sea,966
seafront,9
seamless,247
search,2169
searching,318
season,1231
seat,27705
secluded,73
second,6094
secretary,5905
section,6352
sector,3225
secure,1866
secured,2312
securing,1284
security,8698
seek,2169
seeker,85
seeking,3268
seen,4803
seeped,10
segment,1045
seismic,137
seismograph,1
seizure,444
select,310
selection,717
self,107
sen,299
sena,6121
send,1079
sending,572
senior,8102
sensation,67
sense,759
sensitive,608
sent,4828
sentiment,744
seoul,18
separate,1308
separating,20
september,1423
sequence,321
serf,520
series,1056
seriously,584
serum,49
serve,901
served,1753
service,6792
serving,1247
seshu,9
session,2415
set,7318
setback,729
setting,1159
setup,108
seven,3914
seventh,528
severe,1943
severity,167
sex,429
shade,76
shader,1
shadow,201
shah,5525
shaikh,449
shake,73
shakeel,66
shall,1257
shape,333
sharan,253
sharansharma,1
share,2944
shared,2863
sharing,820
sharma,3130
sharmila,72
shashank,67
shatrughan,207
shatter,15
shaw,44
shazib,15
shedding,65
shell,302
shelter,732
shelved,25
shenanigan,1
sherawat,21
shettar,237
shetty,265
shg,18
shgs,45
shia,58
shied,23
shield,221
shift,1263
shifting,364
shikhar,16
shillong,60
shilpa,65
shimoga,204
shimron,3
shinde,4341
shine,91
shinsadong,1
shirt,181
shivam,54
shock,730
shocked,478
shocking,346
shoe,495
shoessneaker,5
shoot,180
shooting,599
shootout,87
shop,1729
short,1651
shot,1658
shout,46
showcase,294
showcased,196
showcasing,322
showdown,51
showed,1816
shower,305
shown,748
shraddha,46
shrapnel,9
shreyas,49
shri,1379
shroff,26
shrug,11
shubman,10
sibling,248
siddham,3
siddharth,148
sidelined,97
sidewall,2
sigh,39
sight,283
sign,1146
signaling,65
significance,1190
significant,5000
signifies,37
sikkim,3685
silence,521
sim,156
similar,2501
simple,678
simplified,54
simply,309
sindhu,49
singer,312
singh,18805
singhsunil,1
single,2346
sinha,723
sip,30
siraj,23
siren,22
siruthai,3
sisodia,733
sister,2582
site,2941
sitharaman,573
sitting,1966
situation,5267
siva,79
sixth,799
size,485
sizing,1
skechers,7
skill,1020
skin,308
skincare,19
skininspired,2
skipper,36
skunk,2
slackening,3
sleek,16
sleeper,116
sleuth,267
slight,202
slightly,520
slow,354
slowly,169
small,1757
smaller,436
smallest,36
smart,378
smashed,70
smiley,2
smooth,583
snail,14
snap,22
snapshot,25
sneak,34
sneaker,8
snow,179
snug,3
snuggling,3
soak,15
soared,109
social,6508
society,2516
soft,184
softly,7
softness,12
software,517
soil,548
solace,63
solar,557
soldier,1047
sole,755
solely,297
solid,221
solidarity,359
solidified,23
solitary,63
solo,153
solution,1275
solved,112
somebody,136
somenmishra0,1
somnath,139
son,5814
sonakshi,10
sonbhadra,41
song,580
songwriter,11
sonymusicindia,1
soon,3117
sooner,52
soothing,17
sore,29
soren,1051
sought,3293
soul,280
sound,457
soundtrack,5
source,7783
south,4992
sowing,80
space,3095
span,306
spanning,453
spare,198
spared,225
sparked,910
sparsh,7
spasm,13
spasmodic,2
speak,1137
speaker,1617
speaking,1568
speaks,398
spearheading,43
special,5071
specialist,255
specie,496
specific,1140
spectacle,97
spectacular,58
spectrum,191
speculated,52
speculating,10
speculation,1067
speech,2467
speed,1658
speedy,272
spell,443
spencer,11
spend,407
spending,447
spent,1088
spill,35
spin,35
spinner,21
spirit,724
spiritual,709
spirituality,130
spoke,1425
spoken,423
spokesman,120
spokesperson,2223
sport,962
sporting,159
spot,2764
spotlighting,7
spotted,536
spouse,137
sprawling,51
spreading,758
squad,566
square,441
squeezed,9
squinting,2
sr,167
sreerampur,174
srh,162
srivastava,202
srk,23
st,2025
stabilise,57
stability,479
stabilize,21
stable,661
stadium,1088
staff,2790
stage,2465
staged,405
staggering,197
stand,2758
standard,1366
standing,996
standoff,147
standout,41
star,1126
starc,18
starrer,18
starring,81
start,2066
started,4728
starting,855
state,37956
stated,4321
statement,7332
stating,1817
station,8781
statistic,202
stats,18
statue,905
status,2153
stay,2495
staying,688
steel,508
stellar,37
stem,256
step,3111
stepping,206
steven,6
stiff,82
stock,968
stocking,49
stoinis,5
stoinisbowlers,1
stolen,422
stomach,231
stone,1390
stood,1339
stop,2069
stopped,1664
stopping,278
store,636
stored,204
story,1116
straight,269
strain,240
strained,140
strategic,1256
strategy,1350
streaming,95
stree,10
street,1576
strength,1202
strengthen,872
strengthening,619
stress,540
stressed,884
stressing,244
strict,1025
strictly,263
stride,303
strike,1270
striking,193
striving,87
stroke,200
strong,3286
strongest,136
strongly,1071
struck,709
structure,1670
struggle,963
struggled,254
struggling,519
sts,357
stubbs,6
studied,352
studio,103
study,2539
stuff,67
stumbled,54
stunt,144
style,256
subepithelial,1
subhash,656
subject,916
submit,1043
submitted,2750
subordinate,95
subro,1
subscribe,29
subscriber,49
subsequent,563
subterranean,8
subtly,24
success,1310
successful,825
successfully,750
suchitra,29
sudarsan,8
sudden,587
suddenly,624
sudharsan,4
sudip,232
suffer,255
suffered,1752
suffering,600
sufficient,433
suggest,742
suggested,1285
suggesting,701
suggestion,606
suicide,2234
suit,519
suitable,305
sukumaran,15
sulphate,1
sum,363
summary,57
summer,847
summit,1251
sunak,102
sundarbans,47
sunday,7209
sunil,726
sunrisers,42
sunset,44
super,413
superb,4
superior,96
supples,2
supply,2262
support,7622
supporter,1102
supporting,696
supportive,104
supreme,4609
supremo,453
suraj,251
sure,712
surface,446
surfaced,536
surged,414
surgeon,226
surgery,1051
surgical,179
suriya,15
surpass,46
surrender,415
surrounding,936
survey,2629
surya,656
suspect,3053
suspend,160
suspended,1177
suspicious,518
sustained,1184
sustaining,88
sveep,7
swappable,2
sway,310
swayamsevak,109
swayed,37
swiftly,613
swing,156
switch,264
swollen,33
symbolises,34
symbolism,29
sympathy,202
symptom,529
sync,65
syngkon,7
synthetic,96
syria,74
systematic,117
t20,136
ta,37
taapsee,12
table,489
tackling,140
tactic,346
tactile,6
taha,10
tail,75
tailored,73
tainted,61
taken,8914
taking,5694
talent,390
taliban,100
talk,2697
talking,999
tally,564
talpade,5
tamannaah,34
tamil,5343
tamluk,377
tandem,42
tank,615
tanker,586
tapa,217
target,1644
targeted,1437
targeting,852
targetted,19
task,984
taskmaster,6
taurus,18
taxi,394
tba,64
tdp,784
teacher,2103
team,8789
teammate,11
tear,319
technical,1074
technique,237
technological,282
technology,3057
tehran,32
tejashwi,503
tejasvi,229
tel,12
telangana,5599
telecom,241
televised,17
tell,1440
telling,370
telugu,471
temperature,3030
temple,5188
temporarily,250
tend,164
tendency,99
tender,880
tends,23
tenkeyless,2
tense,151
tension,1011
tenure,1512
tepid,5
term,3535
termed,587
terrain,214
territory,1061
terror,1055
test,2864
testament,182
tested,380
tewatia,8
textile,489
texture,45
thakre,27
thakur,1558
thakurphilip,1
thankfully,53
thanks,434
theatrical,28
theme,406
themudra,1
theory,218
therapist,10
therapy,184
thermoplastic,6
thi,23
thing,2025
think,2379
thorn,52
thorough,615
thought,1352
threat,3342
threatens,106
thrill,32
thriller,40
thrilling,61
thrive,68
thriving,74
throat,386
throwback,45
thursday,7118
thwart,53
tick,24
ticket,2296
tide,154
tie,1689
tiger,1024
tight,231
tihar,488
tijori,7
tilak,251
till,4160
tim,9
time,18281
timely,404
timing,535
tiniest,5
tiny,58
tip,182
tired,320
tirupati,626
tissue,89
titan,40
titled,278
tiwari,528
tkl,3
tmc,3593
tnn,760
today,5015
toi,4142
toilet,569
tokyo,88
told,9927
toll,1161
tone,183
took,10120
topic,300
topley,5
topography,46
total,4645
totalling,114
touch,1168
toughest,57
tour,500
tourism,1271
tourist,1112
tournament,242
town,1952
tr4,7
trace,528
track,1979
traction,102
trade,1658
trader,548
tradition,832
traditional,956
traditionally,215
tragically,129
trail,367
trailer,136
trailing,321
train,4594
trainer,110
training,1659
trait,47
trajectory,121
transfer,1700
transformation,265
transgender,135
transgenders,28
transient,10
transparent,298
transport,2061
transportability,1
travel,2568
traveler,73
travelled,473
traversed,30
travis,9
treat,831
treated,1205
treatment,3023
tree,1592
trek,118
trend,1241
trent,7
trial,2375
tribal,1319
tribe,416
tribute,450
trick,99
tried,2344
trigger,226
trillion,155
trinamool,1494
trio,232
trip,798
triptii,2
tripura,1680
tristan,7
trolling,49
troop,499
trot,29
truck,1722
true,920
trust,2383
truth,853
try,985
trying,2427
tuesday,7421
tuff,1
tumkur,191
tune,229
tura,22
turkish,48
turmoil,166
turn,1661
turned,1795
turnout,3014
tushar,377
tusshar,2
tv,773
tweet,527
tweeted,141
twice,613
twitter,529
type,576
typical,91
typically,352
typing,13
uavs,40
ucc,591
udaykumar,2
udhar,146
udp,6
udupi,252
ujjwala,25
uk,841
ukraine,851
ul,9
ultimate,130
ultimately,385
ultra,21
ultraportable,1
uluberia,189
umbrella,136
umesh,164
unable,890
unadkat,5
unavoidable,36
unbeaten,37
unbiased,26
unblemished,9
unclear,174
undergoing,731
undergone,175
underscored,346
underscoring,237
understand,1446
understanding,772
undertake,265
undertaken,351
underwater,72
underway,1051
underweight,14
underwhelming,19
undoubtedly,85
undue,107
unearth,73
unemployment,869
uneven,67
unfold,213
unfolding,90
unfolds,46
unfortunate,574
unfortunately,851
unhappiness,25
unidentified,502
unified,175
uniform,634
uninterrupted,121
union,8065
unique,858
unit,3297
united,1654
university,3613
unknown,544
unless,436
unlike,467
unmatched,49
unnecessary,237
unparalleled,96
unperturbed,142
unprecedented,510
unrest,613
unscented,1
unsung,24
untimely,75
unturned,383
unusual,295
unveil,53
unveiled,409
unveiling,73
unwelcome,10
unwittingly,8
unyielding,16
upa,336
upadhyay,338
upadhyaya,39
upcoming,2092
update,1084
updated,649
upgradation,32
upgrade,285
upgraded,167
uphill,78
upholds,55
uplift,52
upliftment,42
uppal,117
upper,575
upset,381
upto,83
urban,1898
urge,561
urged,2636
urgent,618
urgently,76
urging,1044
usa,191
usage,226
usb,31
usd,104
use,3738
used,6789
user,1097
using,3374
usual,309
utilized,44
utilizes,7
uttar,5558
uttara,227
uttarakhand,2132
vacancy,381
vacation,293
vacay,2
vadra,656
vaibhav,120
vain,116
vajpayee,376
valid,670
validity,296
value,1434
vande,405
vanlalhmangaiha,7
vanlalvena,22
varied,89
various,5697
varma,332
varsh,1
varun,176
varying,94
vashu,1
vast,307
vastness,7
vc,161
veer,158
vegan,9
vehicle,6298
venkatesh,106
venture,317
ventured,78
venue,746
vera,19
verdict,881
verified,354
vermi,3
versatile,58
versatility,23
version,474
vessel,524
vfx,6
vhf,14
vi,101
vibrant,271
vibrate,4
vicky,141
victim,5646
victorious,755
victory,3918
vidarbha,227
video,6227
vidya,103
vie,34
view,5220
viewer,107
viewing,92
vigilant,203
vijay,1108
vijayasai,52
vijayawada,546
vikas,1023
viksit,344
vila,465
village,5619
villiers,2
vincent,9
vinyl,3
violating,374
violative,58
violence,2761
viral,1177
virat,54
virgin,13
virgo,17
virtual,225
visa,1514
visakhapatnam,314
visheshwara,2
vishnu,303
vishwas,163
vision,1336
visit,5321
visited,2324
vistara,101
vital,474
vitalease,2
vitamin,67
vivek,331
vivid,31
vocal,184
vodafone,15
voice,1390
voltisshoes,5
volume,248
volunteer,737
vote,13515
voter,7273
voting,4097
vowed,213
vpp,5
vulnerable,466
vyas,190
vying,511
wage,297
wait,789
waive,81
waiver,318
wala,78
walking,534
wall,857
wankhede,159
want,6101
war,1541
warfare,206
warhead,63
warm,307
warmer,67
warmth,95
warned,979
warner,13
warning,1126
warns,101
warranty,64
warrior,126
washing,157
washington,369
watan,13
watch,895
watched,195
watching,488
water,8773
watson,3
wave,817
waving,116
way,5426
weapon,1320
wear,546
weather,1513
wedding,943
wedge,23
wednesday,7726
week,4580
weekend,456
weight,619
welcomed,516
welfare,2592
went,5333
west,7380
western,1182
wet,156
whatsoever,636
whereabouts,215
white,966
wicket,109
wicketkeepers,3
widely,439
wider,180
willing,310
willow,3
win,4387
window,583
wing,848
wingard,1
winner,914
winning,2671
wipe,84
wired,21
wireless,42
wish,1158
wished,200
wishing,64
withdrew,348
witness,1905
witnessed,1639
witnessing,332
wk,12
wkts,4
wo,671
woe,111
woman,16277
wonder,192
wood,133
wooing,39
word,1698
work,10861
worker,4593
workforce,271
working,4646
workload,77
workout,46
workshop,274
world,6205
worldwide,255
worried,384
worry,350
worth,2011
worthless,13
wounded,191
wrap,57
wriddhiman,3
wrinkle,15
wrist,156
wrote,2262
x1,2
xi,306
xt,6
yadav,4524
yadavindra,9
yash,82
yashasvi,8
yatras,31
year,26991
yearly,54
yellow,444
yemen,53
yen,21
yes,558
yesterday,386
yojana,1195
york,400
yoshino,1
young,1995
youngster,389
youth,3266
ysrcp,496
yudhvir,19
yugal,2
yusuf,247
yuva,95
yuzvendra,16
zafar,48
zebronics,4
zenith,11
zero,759
zionist,2
zodiac,49
zone,1863
zoom,17
zoram,21
zpm,25
